Museu,Número,Gênero,Espécie,Sexo,Localidade,Estado,País,Dentição ,Idade,obs,Planilha 
USNM,78428,Didelphis,virginiana,Male,Celaya,Guanajuato,Mexico,dp3 - começando,,vidro,D pinça pequena
USNM,46586,Didelphis,virginiana,Male,Etzatlan,Jalisco,Mexico,dp3 - começando,,vidro - não estava no banco de dados,D pinça pequena
USNM,46587,Didelphis,virginiana,Female,Etzatlan,Jalisco,Mexico,dp3 - começando,,vidro - não estava no banco de dados,D pinça pequena
USNM,46590,Didelphis,virginiana,Male,Etzatlan,Jalisco,Mexico,dp3 - começando,,vidro - não estava no banco de dados,D pinça pequena
USNM,46592,Didelphis,virginiana,Male,Etzatlan,Jalisco,Mexico,dp3 - começando,,vidro - não estava no banco de dados,D pinça pequena
USNM,46593,Didelphis,virginiana,Male,Etzatlan,Jalisco,Mexico,dp3 - eclodido,,vidro - não estava no banco de dados,D pinça pequena
USNM,46594,Didelphis,virginiana,Male,Etzatlan,Jalisco,Mexico,dp3 - eclodido,,vidro - não estava no banco de dados,D pinça pequena
USNM,46595,Didelphis,virginiana,Male,Etzatlan,Jalisco,Mexico,dp3m1,,vidro - não estava no banco de dados,D pinça pequena
USNM,46596,Didelphis,virginiana,Female,Etzatlan,Jalisco,Mexico,dp3 - eclodido,,vidro - não estava no banco de dados,D pinça pequena
USNM,65424,Didelphis,virginiana,Female,Tuxtepec,Oaxaca,Mexico,dp3,,vidro - na verdade nenhum eclodido,D pinça pequena
USNM,81449,Didelphis,virginiana,Male,Jalpan,Queretaro,Mexico,dp3 - começando,,vidro - pinça pequena,D pinça pequena
USNM,203536,Didelphis,virginiana,Unknown,"Leighton, 10 Mi N",Alabama,United States,nenhum eclodido,,pinça pequena,D pinça pequena
USNM,A38142,Didelphis,virginiana,Unknown,"Washington, Bennings",District Of Columbia,United States,dp3 - começando,,vidro - pinça pequena,D pinça pequena
USNM,A38144,Didelphis,virginiana,Unknown,"Washington, Bennings",District Of Columbia,United States,dp3 - começando,,vidro - pinça pequena - opi pode estar errado,D pinça pequena
USNM,A38147,Didelphis,virginiana,Unknown,"Washington, Bennings",District Of Columbia,United States,dp3 - começando,,vidro - pinça pequena,D pinça pequena
USNM,A48531,Didelphis,virginiana,Female,Hartshorne,Oklahoma,United States,dp3 - começando,,vidro - pinça pequena,D pinça pequena
USNM,A48532,Didelphis,virginiana,Female,Hartshorne,Oklahoma,United States,dp3 - começando,,vidro - pinça pequena,D pinça pequena
USNM,A48533,Didelphis,virginiana,Female,Hartshorne,Oklahoma,United States,dp3 - começando,,vidro - pinça pequena,D pinça pequena
USNM,48482,Didelphis,virginiana,Male,Hartshorne,Oklahoma,United States,dp3 - começando,,vidro - pinça pequena - não estava no banco de dados,D pinça pequena
USNM,48485,Didelphis,virginiana,Female,Hartshorne,Oklahoma,United States,dp3 - começando,,vidro - pinça pequena - não estava no banco de dados,D pinça pequena
USNM,48486,Didelphis,virginiana,Female,Hartshorne,Oklahoma,United States,dp3 - começando,,vidro - pinça pequena - não estava no banco de dados,D pinça pequena
USNM,589210,Didelphis,virginiana,FeMale,"Mountain Lake Post Office, 2.7 mi NNW; Ashby Bogs",Virginia,United States,dp3 - começando,,vidro,D pinça pequena
USNM,203535,Didelphis,virginiana,Female,"Leighton, 10 Mi N",Alabama,United States,,6,,D virginiana 1
USNM,204954,Didelphis,virginiana,FeMale,Ardell,Alabama,United States,dp3m1 - começando,,,D virginiana 1
USNM,207189,Didelphis,virginiana,Male,Ardell,Alabama,United States,,6,,D virginiana 1
USNM,207492,Didelphis,virginiana,Unknown,Ardell,Alabama,United States,,6,,D virginiana 1
USNM,207493,Didelphis,virginiana,Female,Ardell,Alabama,United States,p3m3 - começando,,,D virginiana 1
USNM,A44060,Didelphis,virginiana,Female,Sylacuga,Alabama,United States,dp3m2 - começando,,,D virginiana 1
USNM,A48539,Didelphis,virginiana,Female,Fayetteville,Arkansas,United States,,7,,D virginiana 1
USNM,A21080,Didelphis,virginiana,female,Washington,District Of Columbia,United States,,7,estava como sexo desconhecido,D virginiana 1
USNM,A23330,Didelphis,virginiana,Female,"Washington, Long Bridge, Potomac [River]",District Of Columbia,United States,,7,cranio muito grande,D virginiana 1
USNM,34768,Didelphis,virginiana,Female,,District Of Columbia,United States,,6,não estava no banco de dados,D virginiana 1
USNM,38140,Didelphis,virginiana,Female,"Washington, Bennings",District Of Columbia,United States,,6,não estava no banco de dados,D virginiana 1
USNM,174613,Didelphis,virginiana,Male,"Washington, Chain Bridge",District Of Columbia,United States,dp3m2 - começando,,,D virginiana 1
USNM,259090,Didelphis,virginiana,Female,"Washington, Cleveland Park",District Of Columbia,United States,dp3m3 - começando,,de um lado dp já caiu,D virginiana 1
USNM,567501,Didelphis,virginiana,Male,"Washington, Preble'S Garden",District Of Columbia,United States,dp3m2,,,D virginiana 1
USNM,261662,Didelphis,virginiana,Unknown,"Geneva, 2 Mi S",Georgia,United States,p3m3 - eclodido,,,D virginiana 1
USNM,261663,Didelphis,virginiana,Unknown,"Geneva, 2 Mi S",Georgia,United States,,7,,D virginiana 1
USNM,286592,Didelphis,virginiana,Male,"Vienna, Flint River",Georgia,United States,,7,na caixa o 2 final está riscado e escrito 1 por cima - crânio gigante,D virginiana 1
USNM,259036,Didelphis,virginiana,Unknown,"Washington, Cleveland Park",District Of Columbia,United States,dp3m1 - começando,,,D virginiana 1
USNM,259089,Didelphis,virginiana,Male,"Washington, Cleveland Park",District Of Columbia,United States,p3m3 - p3 e m4 ainda eclodindo,,,D virginiana 1
USNM,259006,Didelphis,virginiana,Male,Washington,District Of Columbia,United States,p3m3,,,D virginiana 1
USNM,160199,Didelphis,virginiana,Female,Olive Branch,Illinois,United States,,6,,D virginiana 1
USNM,337335,Didelphis,virginiana,Female,"Hartford City, 4 Mi NW",Indiana,United States,,6,,D virginiana 1
USNM,337336,Didelphis,virginiana,Female,"New Albany, 6 Mi N On Route 11",Indiana,United States,dp3m2 - começando,,,D virginiana 1
USNM,222007,Didelphis,virginiana,Female,"Salmon, 2 Mi W On Jessie Creek",Idaho,United States,,7,,D virginiana 1
USNM,222008,Didelphis,virginiana,Male,"Salmon, Jessie Creek, 2 Miles West On",Idaho,United States,,6,,D virginiana 1
USNM,273945,Didelphis,virginiana,Male,Stendal,Indiana,United States,dp3m3,,,D virginiana 1
USNM,313788,Didelphis,virginiana,Male,,Indiana,United States,p3m3 - começando,,,D virginiana 1
USNM,236638,Didelphis,virginiana,Unknown,Bicknell,Indiana,United States,p3m3 - começando,,,D virginiana 1
USNM,238059,Didelphis,virginiana,Unknown,Bicknell,Indiana,United States,p3m3 - p3 e m4 ainda eclodindo,,,D virginiana 1
USNM,19082,Didelphis,virginiana,Unknown,Warsaw,Illinois,United States,p3m3 - eclodido,,macho? número do crânio é 34763,D virginiana 1
USNM,19083,Didelphis,virginiana,FeMale,Warsaw,Illinois,United States,,7,estava sem sexo e número do crânio é 34764,D virginiana 1
USNM,238060,Didelphis,virginiana,Female,Bicknell,Indiana,United States,p3m3 - p3 e m4 ainda eclodindo,,,D virginiana 1
USNM,238062,Didelphis,virginiana,Male,Bicknell,Indiana,United States,,5,,D virginiana 1
USNM,300673,Didelphis,virginiana,Male,Freetown,Indiana,United States,,6,,D virginiana 1
USNM,337107,Didelphis,virginiana,Female,Southern Indiana Forage Farm,Indiana,United States,,6,,D virginiana 1
USNM,337108,Didelphis,virginiana,Female,"Mays, 2 Mi NE",Indiana,United States,,7,cranio muito grande,D virginiana 2
USNM,337109,Didelphis,virginiana,Unknown,,Indiana,United States,,7,fêmea?,D virginiana 2
USNM,261193,Didelphis,virginiana,Unknown,,Indiana,United States,,7,fêmea?,D virginiana 2
USNM,261194,Didelphis,virginiana,Unknown,,Indiana,United States,,7,macho?,D virginiana 2
USNM,261196,Didelphis,virginiana,Unknown,,Indiana,United States,,5,fêmea?,D virginiana 2
USNM,261197,Didelphis,virginiana,Unknown,,Indiana,United States,dp3m2 - começando,,"difícil dizer, talvez fêmea…",D virginiana 2
USNM,347669,Didelphis,virginiana,Female,Rochester City Dump,Indiana,United States,,6,,D virginiana 2
USNM,347672,Didelphis,virginiana,Male,"Muncie, 700n 200w Of City",Indiana,United States,,5,crânio muito grande mas os molares não estão gastos,D virginiana 2
USNM,347673,Didelphis,virginiana,Female,Purdue Horticulture Farm,Indiana,United States,,5,,D virginiana 2
USNM,347674,Didelphis,virginiana,Unknown,"Wilmot, 0.5 Mi S",Indiana,United States,dp3m2,,,D virginiana 2
USNM,395537,Didelphis,virginiana,Female,Brunswick,Indiana,United States,,7,,D virginiana 2
USNM,395539,Didelphis,virginiana,Unknown,"Brookeville, 3 Mi N",Indiana,United States,,6,macho,D virginiana 2
USNM,395540,Didelphis,virginiana,Unknown,Steubenville,Indiana,United States,,6,macho?,D virginiana 2
USNM,395541,Didelphis,virginiana,Unknown,"Dolan, Bean Blossom Creek",Indiana,United States,,5,fêmea?,D virginiana 2
USNM,395547,Didelphis,virginiana,FeMale,,Indiana,United States,p3m3 - p3 ainda eclodindo,,estava como sexo desconhecido,D virginiana 2
USNM,560470,Didelphis,virginiana,Female,Des Moines,Iowa,United States,dp3m2 - começando,,,D virginiana 2
USNM,560471,Didelphis,virginiana,Female,Des Moines,Iowa,United States,dp3m2 - começando,,,D virginiana 2
USNM,560472,Didelphis,virginiana,Male,"Johnston, 1.5 Mi N I-80, Off Merle Hay Going To Johnston",Iowa,United States,p3m3 - começando,,,D virginiana 2
USNM,560473,Didelphis,virginiana,Female,"Des Moines, Oxford",Iowa,United States,,5,,D virginiana 2
USNM,560474,Didelphis,virginiana,Female,"Des Moines, 160 51st St.",Iowa,United States,,5,,D virginiana 2
USNM,560475,Didelphis,virginiana,Male,"Clive, 8747 Sunny Hill Drive",Iowa,United States,dp3m1 - começando,,,D virginiana 2
USNM,560476,Didelphis,virginiana,Female,"Grimes, 1 Mi E, Grimes Exit",Iowa,United States,dp3m2 - começando,,,D virginiana 2
USNM,560477,Didelphis,virginiana,Male,"Des Moines, S.E. Virginia St.",Iowa,United States,dp3m1 - começando,,,D virginiana 2
USNM,560478,Didelphis,virginiana,Male,"Windsor Heights, 6706 Washington",Iowa,United States,dp3m1 - eclodido,,,D virginiana 2
USNM,560479,Didelphis,virginiana,Female,"Johnston, 5001 55th NW",Iowa,United States,dp3m1 - eclodido,,,D virginiana 2
USNM,560480,Didelphis,virginiana,Male,"Des Moines, Pleasant St.",Iowa,United States,dp3m2,,,D virginiana 2
USNM,560481,Didelphis,virginiana,Male,"Des Moines, 2114 62nd St.",Iowa,United States,dp3m2,,,D virginiana 2
USNM,560482,Didelphis,virginiana,Male,"Des Moines, 160 51st St.",Iowa,United States,dp3m2,,,D virginiana 2
USNM,560483,Didelphis,virginiana,Female,"Des Moines, 120 51st St.",Iowa,United States,,7,,D virginiana 2
USNM,47496,Didelphis,virginiana,Female,Cedar Vale,Kansas,United States,dp3m1 - começando,,,D virginiana 2
USNM,47498,Didelphis,virginiana,Female,Cedar Vale,Kansas,United States,dp3m2,,,D virginiana 2
USNM,A48597,Didelphis,virginiana,Male,Cedar Vale,Kansas,United States,dp3m1 - eclodido,,,D virginiana 2
USNM,A48598,Didelphis,virginiana,Female,Cedar Vale,Kansas,United States,dp3m1 - começando,,,D virginiana 2
USNM,91589,Didelphis,virginiana,Female,Fort Leavenworth,Kansas,United States,dp3m2,,,D virginiana 2
USNM,258519,Didelphis,virginiana,Female,Winfield,Kansas,United States,dp3m2 - eclodido,,,D virginiana 2
USNM,268015,Didelphis,virginiana,Male,Round Hill,Kentucky,United States,p3m3 - p3 ainda eclodindo,,,D virginiana 3
USNM,268016,Didelphis,virginiana,Female,Round Hill,Kentucky,United States,,7,,D virginiana 3
USNM,32022,Didelphis,virginiana,Female,Bethesda,Maryland,United States,dp3m2 - eclodido,,não estava no banco de dados,D virginiana 3
USNM,116197,Didelphis,virginiana,Male,Cabin John,Maryland,United States,,5,,D virginiana 3
USNM,116426,Didelphis,virginiana,Female,Cabin John,Maryland,United States,p3m3 - eclodido,,,D virginiana 3
USNM,119040,Didelphis,virginiana,Male,Cabin John,Maryland,United States,p3m3 - p3 e m4 ainda eclodindo,,,D virginiana 3
USNM,148479,Didelphis,virginiana,Female,Plummers Island,Maryland,United States,dp3m2 - começando,,,D virginiana 3
USNM,170664,Didelphis,virginiana,Male,"Branchville, Swamp",Maryland,United States,,5,,D virginiana 3
USNM,170686,Didelphis,virginiana,Male,Branchville,Maryland,United States,,7,,D virginiana 3
USNM,170687,Didelphis,virginiana,Female,Branchville,Maryland,United States,,5,,D virginiana 3
USNM,170688,Didelphis,virginiana,Female,Branchville,Maryland,United States,dp3m2 - começando,,,D virginiana 3
USNM,173908,Didelphis,virginiana,Unknown,Beltsville,Maryland,United States,,6,macho,D virginiana 3
USNM,174647,Didelphis,virginiana,Male,Long Corner,Maryland,United States,p3m3 - começando,,,D virginiana 3
USNM,174666,Didelphis,virginiana,Female,Long Corner,Maryland,United States,dp3m2 - começando,,,D virginiana 3
USNM,174758,Didelphis,virginiana,Unknown,Beltsville,Maryland,United States,,6,macho,D virginiana 3
USNM,174765,Didelphis,virginiana,Female,Laurel,Maryland,United States,p3m3 - eclodido,,,D virginiana 3
USNM,186541,Didelphis,virginiana,Male,Laurel,Maryland,United States,dp3m2 - eclodido,,mas os dp3 já cairam e os p3 estão começando a aparecer,D virginiana 3
USNM,221072,Didelphis,virginiana,Female,Laurel,Maryland,United States,p3m3 - eclodido,,,D virginiana 3
USNM,236957,Didelphis,virginiana,Male,Laurel,Maryland,United States,p3m3 - começando,,,D virginiana 3
USNM,236957,Didelphis,virginiana,Male,Laurel,Maryland,United States,,7,número duplicado,D virginiana 3
USNM,237561,Didelphis,virginiana,Male,Laurel,Maryland,United States,dp3m2 - eclodido,,,D virginiana 3
USNM,241176,Didelphis,virginiana,Male,Laurel,Maryland,United States,dp3m2 - eclodido,,de um lado dp já caiu,D virginiana 3
USNM,241178,Didelphis,virginiana,Female,Laurel,Maryland,United States,6,,,D virginiana 3
USNM,241180,Didelphis,virginiana,Female,Laurel,Maryland,United States,dp3m2 - começando,,,D virginiana 3
USNM,251646,Didelphis,virginiana,Male,Laurel,Maryland,United States,,5,,D virginiana 3
USNM,251647,Didelphis,virginiana,Male,Laurel,Maryland,United States,dp3m2 - eclodido,,molares totalmente gastos,D virginiana 3
USNM,265457,Didelphis,virginiana,Female,T. B.,Maryland,United States,,6,,D virginiana 3
USNM,86480,Didelphis,virginiana,Unknown,,Maryland,United States,dp3m1,,,D virginiana 3
USNM,86482,Didelphis,virginiana,Unknown,,Maryland,United States,dp3m1,,,D virginiana 3
USNM,270862,Didelphis,virginiana,Male,Laurel,Maryland,United States,,6,,D virginiana 3
USNM,270938,Didelphis,virginiana,Male,Laurel,Maryland,United States,,5,,D virginiana 3
USNM,270939,Didelphis,virginiana,Female,Laurel,Maryland,United States,,7,,D virginiana 3
USNM,270955,Didelphis,virginiana,Male,Laurel,Maryland,United States,,5,mas o cranio é muito grande,D virginiana 3
USNM,277759,Didelphis,virginiana,Male,Laurel,Maryland,United States,dp3m3,,,D virginiana 3
USNM,277764,Didelphis,virginiana,Female,Laurel,Maryland,United States,dp3m2 - eclodido,,,D virginiana 3
USNM,277765,Didelphis,virginiana,Female,Laurel,Maryland,United States,,7,,D virginiana 4
USNM,283707,Didelphis,virginiana,Female,Laurel,Maryland,United States,p3m3 - eclodido,,,D virginiana 4
USNM,283708,Didelphis,virginiana,Male,Laurel,Maryland,United States,,5,,D virginiana 4
USNM,283709,Didelphis,virginiana,Male,Laurel,Maryland,United States,p3m3 - eclodido,,,D virginiana 4
USNM,283710,Didelphis,virginiana,Male,Laurel,Maryland,United States,p3m3 - p3 e m4 ainda eclodindo,,,D virginiana 4
USNM,291205,Didelphis,virginiana,Male,Laurel,Maryland,United States,,5,mas o cranio é muito grande,D virginiana 4
USNM,291253,Didelphis,virginiana,Male,Newport,Maryland,United States,dp3 - começando,,vidro,D virginiana 4
USNM,291254,Didelphis,virginiana,Female,Newport,Maryland,United States,dp3 - eclodido,,vidro,D virginiana 4
USNM,292042,Didelphis,virginiana,Male,Laurel,Maryland,United States,p3m3 - eclodido,,,D virginiana 4
USNM,292043,Didelphis,virginiana,Female,Laurel,Maryland,United States,p3m3 - eclodido,,,D virginiana 4
USNM,293785,Didelphis,virginiana,Male,Laurel,Maryland,United States,,7,,D virginiana 4
USNM,293786,Didelphis,virginiana,Female,Laurel,Maryland,United States,,7,,D virginiana 4
USNM,396230,Didelphis,virginiana,Unknown,"Kent Island, Victoria Road",Maryland,United States,p3m3 - eclodido,,macho,D virginiana 4
USNM,396231,Didelphis,virginiana,Male,"Cambridge, 10 Mi S",Maryland,United States,dp3m3,,,D virginiana 4
USNM,397176,Didelphis,virginiana,Male,"Pokomoke, Cyprus Swamp",Maryland,United States,,5,,D virginiana 4
USNM,397187,Didelphis,virginiana,Male,"Pokomoke, Cyprus Swamp",Maryland,United States,,5,,D virginiana 4
USNM,397200,Didelphis,virginiana,Male,"Pokomoke, Cyprus Swamp",Maryland,United States,,5,nsl quebrado?,D virginiana 4
USNM,505343,Didelphis,virginiana,Male,"Chesapeake Bay Center, Java Farm",Maryland,United States,p3m3 - p3 e m4 ainda eclodindo,,cranio muito grande,D virginiana 4
USNM,556138,Didelphis,virginiana,Female,Silver Spring,Maryland,United States,,5,mas o cranio é muito grande,D virginiana 4
USNM,560484,Didelphis,virginiana,Male,"Blackwater National Wildlife Refuge, Church Creek",Maryland,United States,dp3m2 - começando,,,D virginiana 4
USNM,560485,Didelphis,virginiana,Male,"Blackwater National Wildlife Refuge, Church Creek",Maryland,United States,,5,,D virginiana 4
USNM,560486,Didelphis,virginiana,Female,"Blackwater National Wildlife Refuge, Church Creek",Maryland,United States,p3m3 - eclodido,,,D virginiana 4
USNM,560487,Didelphis,virginiana,Female,"Blackwater National Wildlife Refuge, Church Creek",Maryland,United States,dp3m2 - começando,,,D virginiana 4
USNM,560488,Didelphis,virginiana,Male,"Blackwater National Wildlife Refuge, Church Creek",Maryland,United States,,5,mas o cranio é muito grande,D virginiana 4
USNM,560489,Didelphis,virginiana,Male,"Blackwater National Wildlife Refuge, Church Creek",Maryland,United States,,5,mas o cranio é muito grande,D virginiana 4
USNM,560490,Didelphis,virginiana,Female,"Blackwater National Wildlife Refuge, Church Creek",Maryland,United States,,5,,D virginiana 4
USNM,560491,Didelphis,virginiana,Female,"Blackwater National Wildlife Refuge, Church Creek",Maryland,United States,,5,,D virginiana 4
USNM,560492,Didelphis,virginiana,Female,"Blackwater National Wildlife Refuge, Church Creek",Maryland,United States,,6,,D virginiana 4
USNM,560493,Didelphis,virginiana,Male,"Blackwater National Wildlife Refuge, Church Creek",Maryland,United States,,5,,D virginiana 4
USNM,560494,Didelphis,virginiana,Female,"Blackwater National Wildlife Refuge, Church Creek",Maryland,United States,p3m3 - eclodido,,,D virginiana 4
USNM,560495,Didelphis,virginiana,Male,"Blackwater National Wildlife Refuge, Church Creek",Maryland,United States,p3m3 - p3 ainda eclodindo,,,D virginiana 4
USNM,560496,Didelphis,virginiana,Male,"Blackwater National Wildlife Refuge, Church Creek",Maryland,United States,,6,,D virginiana 4
USNM,560497,Didelphis,virginiana,Male,Blackwater National Wildlife Refuge,Maryland,United States,,5,do lado direito falta o último molar,D virginiana 4
USNM,560498,Didelphis,virginiana,Male,Blackwater National Wildlife Refuge,Maryland,United States,,5,,D virginiana 4
USNM,560499,Didelphis,virginiana,Male,Blackwater National Wildlife Refuge,Maryland,United States,p3m3 - começando,,,D virginiana 4
USNM,560500,Didelphis,virginiana,Male,Blackwater National Wildlife Refuge,Maryland,United States,p3m3 - começando,,,D virginiana 5
USNM,560501,Didelphis,virginiana,Female,Trappe,Maryland,United States,,6,,D virginiana 5
USNM,560503,Didelphis,virginiana,Male,"Mt. Savage, 1 Mi S, Ted'S Farm",Maryland,United States,,7,,D virginiana 5
USNM,560504,Didelphis,virginiana,Female,"Mt. Savage, 1 Mi S, Ted'S Farm",Maryland,United States,dp3m2,,,D virginiana 5
USNM,560505,Didelphis,virginiana,Male,"Finzel, Piney Run",Maryland,United States,dp3m3 - começando,,de um lado dp já caiu,D virginiana 5
USNM,560506,Didelphis,virginiana,Female,"Finzel, Piney Run",Maryland,United States,p3m3 - começando,,,D virginiana 5
USNM,560507,Didelphis,virginiana,Female,"Mt. Savage, Ted'S Farm",Maryland,United States,dp3m2,,,D virginiana 5
USNM,560508,Didelphis,virginiana,Female,Frostburg,Maryland,United States,,6,,D virginiana 5
USNM,560509,Didelphis,virginiana,Female,Frostburg,Maryland,United States,dp3m2,,,D virginiana 5
USNM,560510,Didelphis,virginiana,Male,Dans Mountain,Maryland,United States,p3m3 - p3 e m4 ainda eclodindo,,,D virginiana 5
USNM,560511,Didelphis,virginiana,Male,Dans Mountain,Maryland,United States,p3m3 - começando,,,D virginiana 5
USNM,560512,Didelphis,virginiana,Female,"Mt. Savage, Ted'S Farm",Maryland,United States,,5,,D virginiana 5
USNM,560513,Didelphis,virginiana,Female,"Mt. Savage, Ted'S Farm",Maryland,United States,p3m3 - eclodido,,,D virginiana 5
USNM,560514,Didelphis,virginiana,Female,"Frostburg, Midlothian",Maryland,United States,,7,,D virginiana 5
USNM,563994,Didelphis,virginiana,Unknown,Glenn Dale,Maryland,United States,dp3m2 - eclodido,,,D virginiana 5
USNM,567497,Didelphis,virginiana,FeMale,Blackwater Refuge,Maryland,United States,dp3m1,,,D virginiana 5
USNM,567498,Didelphis,virginiana,Male,"Patuxent Research Refuge, Plot 2656, NW Corner",Maryland,United States,,6,,D virginiana 5
USNM,567499,Didelphis,virginiana,Male,"Patuxent Research Refuge, Near Kluckhun Farmstead",Maryland,United States,p3m3 - p3 e m4 ainda eclodindo,,,D virginiana 5
USNM,A01097,Didelphis,virginiana,Unknown,,Mississippi,United States,,6,,D virginiana 5
USNM,235291,Didelphis,virginiana,Male,"West Plains, 26 Mi SW",Missouri,United States,,7,,D virginiana 5
USNM,235535,Didelphis,virginiana,Unknown,Sedalia,Missouri,United States,p3m3 - p3 e m4 ainda eclodindo,,fêmea?,D virginiana 5
USNM,235543,Didelphis,virginiana,Male,Sedalia,Missouri,United States,p3m3 - eclodido,,,D virginiana 5
USNM,A21960,Didelphis,virginiana,Male,,Missouri,United States,,6,cranio muito grande,D virginiana 5
USNM,149726,Didelphis,virginiana,Unknown,Beemer,Nebraska,United States,,5,macho,D virginiana 5
USNM,186550,Didelphis,virginiana,Male,Elizabeth,New Jersey,United States,,5,,D virginiana 5
USNM,47132,Didelphis,virginiana,Female,Golden City,Missouri,United States,,6,não estava no banco de dados,D virginiana 5
USNM,A03776,Didelphis,virginiana,Unknown,,Mississippi,United States,,,macho,D virginiana 5
USNM,82901,Didelphis,virginiana,Male,Highland Falls,New York,United States,dp3m2 - eclodido,,,D virginiana 5
USNM,135907,Didelphis,virginiana,Unknown,Jamesville,New York,United States,,7,fêmea?,D virginiana 5
USNM,171892,Didelphis,virginiana,Female,Highland Falls,New York,United States,,5,,D virginiana 5
USNM,171893,Didelphis,virginiana,Male,Highland Falls,New York,United States,dp3m2,,,D virginiana 5
USNM,253825,Didelphis,virginiana,Male,West Point,New York,United States,dp3m1 - começando,,,D virginiana 5
USNM,253826,Didelphis,virginiana,Female,West Point,New York,United States,dp3m3,,,D virginiana 5
USNM,253827,Didelphis,virginiana,Female,West Point,New York,United States,,5,,D virginiana 5
USNM,58693,Didelphis,virginiana,Female,"Magnetic City, Foot Of Roan Mountain",North Carolina,United States,dp3m3,,,D virginiana 5
USNM,58694,Didelphis,virginiana,Female,"Magnetic City, Foot Of Roan Mountain",North Carolina,United States,dp3m3,,,D virginiana 6
USNM,249880,Didelphis,virginiana,Female,"Pisgah National Forest, Bent Creek",North Carolina,United States,p3m3 - começando,,,D virginiana 6
USNM,249884,Didelphis,virginiana,Female,"Pisgah National Forest, Bent Creek",North Carolina,United States,dp3m2 - começando,,,D virginiana 6
USNM,249886,Didelphis,virginiana,Male,"Pisgah National Forest, Bent Creek",North Carolina,United States,dp3m3,,só que os dp já cairam e os p estão começando a aparecer,D virginiana 6
USNM,249887,Didelphis,virginiana,Female,"Pisgah National Forest, Bent Creek",North Carolina,United States,,5,,D virginiana 6
USNM,250139,Didelphis,virginiana,Female,"Pisgah National Forest, Bent Creek",North Carolina,United States,p3m3 - p3 e m4 ainda eclodindo,,,D virginiana 6
USNM,250140,Didelphis,virginiana,Female,"Pisgah National Forest, Bent Creek",North Carolina,United States,dp3m3,,mas de um lado dp já caiu,D virginiana 6
USNM,250205,Didelphis,virginiana,Female,"Pisgah National Forest, Bent Creek",North Carolina,United States,,5,,D virginiana 6
USNM,250206,Didelphis,virginiana,Female,"Pisgah National Forest, Bent Creek",North Carolina,United States,,5,,D virginiana 6
USNM,250610,Didelphis,virginiana,Female,"Pisgah National Forest, Bent Creek",North Carolina,United States,,7,,D virginiana 6
USNM,250611,Didelphis,virginiana,Female,"Pisgah National Forest, Bent Creek",North Carolina,United States,,7,,D virginiana 6
USNM,250618,Didelphis,virginiana,Female,"Pisgah National Forest, Bent Creek",North Carolina,United States,p3m3 - eclodido,,,D virginiana 6
USNM,269274,Didelphis,virginiana,Male,Stumpy Point,North Carolina,United States,dp3m2,,,D virginiana 6
USNM,360907,Didelphis,virginiana,Male,Goldsboro,North Carolina,United States,,5,,D virginiana 6
USNM,56569,Didelphis,virginiana,Female,Montauk Point,New York,United States,,7,,D virginiana 6
USNM,56570,Didelphis,virginiana,Female,Montauk Point,New York,United States,dp3m2 - começando,,,D virginiana 6
USNM,360497,Didelphis,virginiana,Female,"New Bern, 5 Mi SE",North Carolina,United States,dp3m3,,,D virginiana 6
USNM,360498,Didelphis,virginiana,Male,Apex,North Carolina,United States,dp3m2 - começando,,,D virginiana 6
USNM,360499,Didelphis,virginiana,Female,Raleigh,North Carolina,United States,p3m3 - p3 ainda eclodindo,,,D virginiana 6
USNM,360500,Didelphis,virginiana,Female,Raleigh,North Carolina,United States,,5,,D virginiana 6
USNM,360905,Didelphis,virginiana,Female,Concord,North Carolina,United States,,5,,D virginiana 6
USNM,99596,Didelphis,virginiana,Male,Wooster,Ohio,United States,dp3m2 - eclodido,,,D virginiana 6
USNM,99702,Didelphis,virginiana,Female,Wooster,Ohio,United States,p3m3 - eclodido,,,D virginiana 6
USNM,99703,Didelphis,virginiana,Female,Wooster,Ohio,United States,p3m3 - eclodido,,,D virginiana 6
USNM,252999,Didelphis,virginiana,Female,"Athens, 7 Mi SE",Ohio,United States,,6,,D virginiana 6
USNM,253000,Didelphis,virginiana,Male,Athens,Ohio,United States,p3m3 - p3 ainda eclodindo,,,D virginiana 6
USNM,A08086,Didelphis,virginiana,Unknown,Fort Cobb,Oklahoma,United States,,6,macho,D virginiana 6
USNM,48523,Didelphis,virginiana,Female,Hartshorne,Oklahoma,United States,,7,não estava no banco de dados,D virginiana 6
USNM,48524,Didelphis,virginiana,Female,Red Oak,Oklahoma,United States,dp3m2 - eclodido,,não estava no banco de dados,D virginiana 6
USNM,132448,Didelphis,virginiana,Male,"Mount Scott Post Office, Cache Creek",Oklahoma,United States,,7,,D virginiana 6
USNM,132449,Didelphis,virginiana,Male,"Mount Scott Post Office, Cache Creek",Oklahoma,United States,,6,,D virginiana 6
USNM,132450,Didelphis,virginiana,Male,"Mount Scott Post Office, Cache Creek",Oklahoma,United States,,7,,D virginiana 6
USNM,132452,Didelphis,virginiana,Male,"Mount Scott Post Office, Cache Creek",Oklahoma,United States,,7,,D virginiana 6
USNM,132453,Didelphis,virginiana,Female,"Mount Scott Post Office, Cache Creek",Oklahoma,United States,,7,,D virginiana 6
USNM,A48538,Didelphis,virginiana,Male,Red Oak,Oklahoma,United States,dp3m2 - eclodido,,na verdade falta o último molar,D virginiana 6
USNM,132455,Didelphis,virginiana,Male,"Mount Scott Post Office, Medicine Creek",Oklahoma,United States,,6,,D virginiana 7
USNM,132750,Didelphis,virginiana,Female,"Mount Scott Post Office, Foot Hills South Side",Oklahoma,United States,,7,,D virginiana 7
USNM,273946,Didelphis,virginiana,Female,"Fort Sill Game Farm, Comanche Creek",Oklahoma,United States,,6,,D virginiana 7
USNM,273966,Didelphis,virginiana,Female,"Wichita Mountains Wildlife Refuge, Lake French",Oklahoma,United States,,6,,D virginiana 7
USNM,A00685,Didelphis,virginiana,Unknown,Carlisle,Pennsylvania,United States,dp3m2 - eclodido,,fêmea,D virginiana 7
USNM,A04819,Didelphis,virginiana,Unknown,,Pennsylvania,United States,p3m3 - eclodido,,macho?,D virginiana 7
USNM,84900,Didelphis,virginiana,Female,Markleton,Pennsylvania,United States,dp3m2 - começando,,,D virginiana 7
USNM,514625,Didelphis,virginiana,Unknown,Littlestown,Pennsylvania,United States,,7,fêmea? Faltam os caninos,D virginiana 7
USNM,514627,Didelphis,virginiana,Female,Littlestown,Pennsylvania,United States,dp3m2 - começando,,,D virginiana 7
USNM,514628,Didelphis,virginiana,Male,Littlestown,Pennsylvania,United States,p3m3 - começando,,,D virginiana 7
USNM,514629,Didelphis,virginiana,Female,Littlestown,Pennsylvania,United States,,7,,D virginiana 7
USNM,514630,Didelphis,virginiana,Unknown,Littlestown,Pennsylvania,United States,,7,,D virginiana 7
USNM,514631,Didelphis,virginiana,Unknown,Littlestown,Pennsylvania,United States,p3m3 - eclodido,,macho?,D virginiana 7
USNM,514632,Didelphis,virginiana,Male,Littlestown,Pennsylvania,United States,,6,,D virginiana 7
USNM,514633,Didelphis,virginiana,Male,Littlestown,Pennsylvania,United States,dp3m2 - eclodido,,,D virginiana 7
USNM,173088,Didelphis,virginiana,Male,Christ Church Parish,South Carolina,United States,,7,,D virginiana 7
USNM,560515,Didelphis,virginiana,Male,"Georgetown, Cat Island",South Carolina,United States,,6,,D virginiana 7
USNM,560516,Didelphis,virginiana,Female,"Georgetown, South Island",South Carolina,United States,p3m3 - eclodido,,,D virginiana 7
USNM,560518,Didelphis,virginiana,Male,"Georgetown, South Island",South Carolina,United States,,6,,D virginiana 7
USNM,560519,Didelphis,virginiana,Male,"Georgetown, Cat Island",South Carolina,United States,dp3m2 - eclodido,,,D virginiana 7
USNM,560520,Didelphis,virginiana,Male,"Georgetown, Cat Island",South Carolina,United States,,7,,D virginiana 7
USNM,560521,Didelphis,virginiana,Male,"Georgetown, Cat Island",South Carolina,United States,dp3m1,,,D virginiana 7
USNM,560522,Didelphis,virginiana,Male,"Georgetown, Cat Island",South Carolina,United States,dp3m2 - eclodido,,,D virginiana 7
USNM,560523,Didelphis,virginiana,Female,"Georgetown, Cat Island",South Carolina,United States,,7,,D virginiana 7
USNM,560524,Didelphis,virginiana,Female,"Georgetown, Cat Island",South Carolina,United States,,7,,D virginiana 7
USNM,560525,Didelphis,virginiana,Male,"Georgetown, Cat Island",South Carolina,United States,dp3m2 - começando,,,D virginiana 7
USNM,560526,Didelphis,virginiana,Male,"Georgetown, Cat Island",South Carolina,United States,dp3m2 - eclodido,,,D virginiana 7
USNM,560528,Didelphis,virginiana,Female,"Georgetown, Cat Island",South Carolina,United States,,6,,D virginiana 7
USNM,560529,Didelphis,virginiana,Female,"Georgetown, Cat Island",South Carolina,United States,,7,,D virginiana 7
USNM,560530,Didelphis,virginiana,Male,"Georgetown, Cat Island",South Carolina,United States,dp3m2 - começando,,,D virginiana 7
USNM,560531,Didelphis,virginiana,Male,"Georgetown, Cat Island",South Carolina,United States,,7,,D virginiana 7
USNM,251112,Didelphis,virginiana,Unknown,"Walhalla, T100n., R. 62w Section 8",South Dakota,United States,dp3m3,,macho?,D virginiana 7
USNM,194226,Didelphis,virginiana,Unknown,Rockland,Tennessee,United States,,5,macho,D virginiana 7
USNM,267410,Didelphis,virginiana,Male,Roan Mountain,Tennessee,United States,p3m3 - p3 ainda eclodindo,,,D virginiana 7
USNM,267413,Didelphis,virginiana,Male,Clarksville,Tennessee,United States,,7,,D virginiana 7
USNM,332286,Didelphis,virginiana,Male,"Roan Mountain, Caverns Gap",Tennessee,United States,dp3m3,,,D virginiana 8
USNM,A46895,Didelphis,virginiana,Male,Danville,Tennessee,United States,,7,,D virginiana 8
USNM,A47768,Didelphis,virginiana,Female,Clarksville,Tennessee,United States,,7,,D virginiana 8
USNM,61493,Didelphis,virginiana,Unknown,Western Texas,Texas,United States,,7,,D virginiana 8
USNM,112025,Didelphis,virginiana,Female,Waring,Texas,United States,,5,,D virginiana 8
USNM,112026,Didelphis,virginiana,Male,Waring,Texas,United States,dp3m1 - começando,,,D virginiana 8
USNM,117557,Didelphis,virginiana,Female,Ingram,Texas,United States,dp3m2 - começando,,,D virginiana 8
USNM,117614,Didelphis,virginiana,Female,Ingram,Texas,United States,dp3m2,,,D virginiana 8
USNM,186546,Didelphis,virginiana,Male,Mason,Texas,United States,dp3m2 - eclodido,,,D virginiana 8
USNM,186547,Didelphis,virginiana,Female,Mason,Texas,United States,,7,,D virginiana 8
USNM,186548,Didelphis,virginiana,Male,Mason,Texas,United States,,5,mas o crânio é muito grande,D virginiana 8
USNM,186549,Didelphis,virginiana,Female,Mason,Texas,United States,p3m3 - p3 e m4 ainda eclodindo,,,D virginiana 8
USNM,A47777,Didelphis,virginiana,Male,Gainesville,Texas,United States,dp3m2 - eclodido,,mas os dp já cairam e os p estão começando a aprecer,D virginiana 8
USNM,A47778,Didelphis,virginiana,Male,Gainesville,Texas,United States,dp3m2 - eclodido,,,D virginiana 8
USNM,48365,Didelphis,virginiana,Male,Brazos,Texas,United States,dp3m2 - começando,,não estava no banco de dados,D virginiana 8
USNM,47129,Didelphis,virginiana,Female,Big Sandy,Tennessee,United States,,7,não estava no banco de dados,D virginiana 8
USNM,194223,Didelphis,virginiana,Male,Gainesville,Texas,United States,,6,,D virginiana 8
USNM,194224,Didelphis,virginiana,Male,Mason,Texas,United States,p3m3 - começando,,,D virginiana 8
USNM,194225,Didelphis,virginiana,Male,Mason,Texas,United States,,6,,D virginiana 8
USNM,223021,Didelphis,virginiana,Male,Menard,Texas,United States,dp3m2 - eclodido,,,D virginiana 8
USNM,348327,Didelphis,virginiana,Male,"Iowa Park, 6.2 Mi W",Texas,United States,,7,,D virginiana 8
USNM,349481,Didelphis,virginiana,Male,"Livingston, 10 Mi E, U. S. 190",Texas,United States,,7,,D virginiana 8
USNM,532407,Didelphis,virginiana,Unknown,"Livingston, Near",Texas,United States,,6,macho,D virginiana 8
USNM,563995,Didelphis,virginiana,Female,Camp Bullis,Texas,United States,,7,,D virginiana 8
USNM,61765,Didelphis,virginiana,Unknown,Dunn Loring,Virginia,United States,p3m3 - eclodido,,,D virginiana 8
USNM,172895,Didelphis,virginiana,Female,"Warwick County, (=Newport News)",Virginia,United States,dp3m2 - eclodido,,,D virginiana 8
USNM,175552,Didelphis,virginiana,Female,Skinquarter Creek,Virginia,United States,dp3m2 - começando,,,D virginiana 8
USNM,A00808,Didelphis,virginiana,Unknown,,Virginia,United States,,6,macho,D virginiana 8
USNM,A00853,Didelphis,virginiana,Unknown,,Virginia,United States,,7,macho,D virginiana 8
USNM,A22888,Didelphis,virginiana,Unknown,Mount Vernon,Virginia,United States,dp3m2 ,,fêmea?,D virginiana 8
USNM,251440,Didelphis,virginiana,Male,Assateague Island,Virginia,United States,,7,,D virginiana 8
USNM,228088,Didelphis,virginiana,Male,Falls Church,Virginia,United States,dp3m2 - começando,,,D virginiana 8
USNM,253828,Didelphis,virginiana,Female,,Virginia,United States,p3m3 - p3 ainda eclodindo,,,D virginiana 8
USNM,253829,Didelphis,virginiana,Male,,Virginia,United States,dp3m3,,,D virginiana 8
USNM,349747,Didelphis,virginiana,Male,"Iowa Park, 6.2 Mi W",Texas,United States,dp3m1,,vidro,D virginiana 8
USNM,258615,Didelphis,virginiana,Female,,Virginia,United States,,5,,D virginiana 9
USNM,293194,Didelphis,virginiana,Male,Blacksburg,Virginia,United States,,5,,D virginiana 9
USNM,293195,Didelphis,virginiana,Male,Blacksburg,Virginia,United States,,6,,D virginiana 9
USNM,293196,Didelphis,virginiana,Male,Blacksburg,Virginia,United States,dp3m1 - começando,,,D virginiana 9
USNM,293198,Didelphis,virginiana,Male,Blacksburg,Virginia,United States,dp3 - começando,,vidro,D virginiana 9
USNM,293199,Didelphis,virginiana,Female,Blacksburg,Virginia,United States,p3m3 - eclodido,,,D virginiana 9
USNM,320407,Didelphis,virginiana,Male,"Hays, 5 Mi S",Virginia,United States,,7,,D virginiana 9
USNM,349745,Didelphis,virginiana,Male,"Fairfax Circle, 0.5 Mi E On Route 50",Virginia,United States,p3m3 - eclodido,,,D virginiana 9
USNM,364565,Didelphis,virginiana,Male,,Virginia,United States,,6,,D virginiana 9
USNM,395281,Didelphis,virginiana,Female,"Newport, 1.6 Mi NW, Sinking Creek",Virginia,United States,dp3m2 - começando,,,D virginiana 9
USNM,396198,Didelphis,virginiana,Female,"Mason Neck, Old Colchester Road",Virginia,United States,p3m3 - começando,,"o arco zigomático esquerdo está deformado, encurtado, não vou medir zi nem zygo",D virginiana 9
USNM,526673,Didelphis,virginiana,Female,"Triplet, Seward Forest",Virginia,United States,dp3m1,,vidro,D virginiana 9
USNM,398882,Didelphis,virginiana,Female,"Lorton, Near",Virginia,United States,,5,,D virginiana 9
USNM,589207,Didelphis,virginiana,Female,,Virginia,United States,,5,,D virginiana 9
USNM,589208,Didelphis,virginiana,FeMale,"Mountain Lake Post Office, 0.3 mi SSW ; Bald Knob",Virginia,United States,dp3m1 - começando,,,D virginiana 9
USNM,396183,Didelphis,virginiana,Male,"Mooresvillie, 22 Mi S, G. Shaver'S Farm",West Virginia,United States,,6,,D virginiana 9
USNM,260240,Didelphis,virginiana,Female,Huntington,West Virginia,United States,,6,não estava no banco de dados,D virginiana 9
USNM,398881,Didelphis,virginiana,Male,Lewisburg,West Virginia,United States,dp3m2 - começando,,,D virginiana 9
USNM,76204,Didelphis,virginiana,Female,Tuxtla,Chiapas,Mexico,p3m3 - p3 ainda eclodindo,,,D virginiana 9
USNM,76210,Didelphis,virginiana,Male,Yajalon,Chiapas,Mexico,dp3m2,,,D virginiana 9
USNM,76211,Didelphis,virginiana,Male,Tumbala,Chiapas,Mexico,,7,,D virginiana 9
USNM,133206,Didelphis,virginiana,Female,San Bartolome,Chiapas,Mexico,,6,,D virginiana 9
USNM,96224,Didelphis,virginiana,Male,"Batopilas, Near",Chihuahua,Mexico,dp3m3,,,D virginiana 9
USNM,45272,Didelphis,virginiana,Male,Armeria,Colima,Mexico,p3m3,,não estava no banco de dados,D virginiana 9
USNM,45274,Didelphis,virginiana,Male,Colima,Colima,Mexico,,7,não estava no banco de dados,D virginiana 9
USNM,A45292,Didelphis,virginiana,Female,Armeria,Colima,Mexico,p3m3 - começando,,,D virginiana 9
USNM,A45300,Didelphis,virginiana,Male,,Colima,Mexico,,7,,D virginiana 9
USNM,44558,Didelphis,virginiana,Female,,Manzanillo,Mexico,p3m3 - começando,,não estava no banco de dados,D virginiana 9
USNM,44559,Didelphis,virginiana,Male,,Manzanillo,Mexico,,6,não estava no banco de dados,D virginiana 9
USNM,44560,Didelphis,virginiana,Male,,Manzanillo,Mexico,,6,não estava no banco de dados,D virginiana 9
USNM,44561,Didelphis,virginiana,Female,,Manzanillo,Mexico,p3m3 - começando,,não estava no banco de dados,D virginiana 9
USNM,44563,Didelphis,virginiana,Female,,Manzanillo,Mexico,p3m3 - p3 e m4 ainda eclodindo,,não estava no banco de dados,D virginiana 9
USNM,44569,Didelphis,virginiana,Female,,Manzanillo,Mexico,dp3m3,,não estava no banco de dados - de um lado dp já caiu,D virginiana 9
USNM,45270,Didelphis,virginiana,Male,Armeria,Colima,Mexico,,6,não estava no banco de dados,D virginiana 9
USNM,96819,Didelphis,virginiana,Male,Chacala,Durango,Mexico,,7,,D virginiana 9
USNM,70616,Didelphis,virginiana,Female,Acapulco,Guerrero,Mexico,dp3m3,,de um lado dp já caiu,D virginiana 10
USNM,70617,Didelphis,virginiana,Male,Acapulco,Guerrero,Mexico,,7,,D virginiana 10
USNM,70657,Didelphis,virginiana,Male,Acapulco,Guerrero,Mexico,p3m3 - p3 ainda eclodindo,,,D virginiana 10
USNM,55581,Didelphis,virginiana,Female,Tulancingo,Hidalgo,Mexico,dp3m2 - começando,,,D virginiana 10
USNM,81726,Didelphis,virginiana,Male,Ixmiquiltan,Hidalgo,Mexico,p3m3 - p3 e m4 ainda eclodindo,,,D virginiana 10
USNM,87059,Didelphis,virginiana,Female,Ameca,Jalisco,Mexico,p3m3 - p3 e m4 ainda eclodindo,,,D virginiana 10
USNM,87060,Didelphis,virginiana,Male,Ameca,Jalisco,Mexico,p3m3 - p3 e m4 ainda eclodindo,,,D virginiana 10
USNM,46430,Didelphis,virginiana,Male,Atemajac,Jalisco,Mexico,,6,não estava no banco de dados,D virginiana 10
USNM,120098,Didelphis,virginiana,Male,Ocotlan,Jalisco,Mexico,dp3m2 - começando,,fêmea?,D virginiana 10
USNM,50062,Didelphis,virginiana,Male,Tlalpam,Distrito Federal,Mexico,dp3m2,,,D virginiana 10
USNM,50064,Didelphis,virginiana,Female,Tlalpam,Distrito Federal,Mexico,dp3m2 - eclodido,,falta o último molar,D virginiana 10
USNM,51506,Didelphis,virginiana,Male,Amecameca,Distrito Federal,Mexico,,6,,D virginiana 10
USNM,47176,Didelphis,virginiana,Male,Patzcuaro,Michoacan,Mexico,dp3m1,,não estava no banco de dados,D virginiana 10
USNM,47812,Didelphis,virginiana,Male,Querendaro,Michoacan,Mexico,,6,não estava no banco de dados,D virginiana 10
USNM,126688,Didelphis,virginiana,Male,"Ahuacana, Near",Michoacan,Mexico,,7,,D virginiana 10
USNM,36033,Didelphis,virginiana,Female,Cuernavaca,Morelos,Mexico,,6,não estava no banco de dados,D virginiana 10
USNM,32952,Didelphis,virginiana,Female,Monterey,,Mexico,p3m3 - p3 e m4 ainda eclodindo,,não estava no banco de dados,D virginiana 10
USNM,51124,Didelphis,virginiana,Unknown,Yantepec,Morelos,Mexico,dp3m3,,macho,D virginiana 10
USNM,511263,Didelphis,virginiana,Female,"El Casco, 1.2 Mi S, By Road, Rio Chilte",Nayarit,Mexico,dp3m1,,,D virginiana 10
USNM,69591,Didelphis,virginiana,Male,Reyes,Oaxaca,Mexico,dp3m1 - começando,,,D virginiana 10
USNM,65954,Didelphis,virginiana,Male,Tuxtepec,Oaxaca,Mexico,,6,,D virginiana 10
USNM,68196,Didelphis,virginiana,Female,Oaxaca,Oaxaca,Mexico,dp3m2,,,D virginiana 10
USNM,69592,Didelphis,virginiana,Female,Reyes,Oaxaca,Mexico,dp3m1 - eclodido,,,D virginiana 10
USNM,69799,Didelphis,virginiana,Male,Cuicatlan,Oaxaca,Mexico,,6,,D virginiana 10
USNM,69800,Didelphis,virginiana,Male,Cuicatlan,Oaxaca,Mexico,dp3m1 - começando,,,D virginiana 10
USNM,73490,Didelphis,virginiana,Male,Tehuantepec,Oaxaca,Mexico,,6,,D virginiana 10
USNM,73708,Didelphis,virginiana,Male,San Mateo Del Mar,Oaxaca,Mexico,,7,,D virginiana 10
USNM,55320,Didelphis,virginiana,Male,Atlixco,Puebla,Mexico,dp3m1 - eclodido,,,D virginiana 10
USNM,55321,Didelphis,virginiana,Male,Atlixco,Puebla,Mexico,dp3m1 - começando,,,D virginiana 10
USNM,55579,Didelphis,virginiana,Female,San Martin,Puebla,Mexico,,6,crista meio torta para a esquerda vista ventral,D virginiana 10
USNM,55580,Didelphis,virginiana,Female,San Martin,Puebla,Mexico,dp3m2 - começando,,,D virginiana 10
USNM,92978,Didelphis,virginiana,Male,Metlaltoyuca,Puebla,Mexico,,6,,D virginiana 10
USNM,96820,Didelphis,virginiana,Male,Culiacan,Sinaloa,Mexico,,7,crista torta para a direita vista ventral,D virginiana 10
USNM,100511,Didelphis,virginiana,Male,Teapa,Tabasco,Mexico,,7,,D virginiana 10
USNM,92963,Didelphis,virginiana,Male,Altamira,Tamaulipas,Mexico,,6,,D virginiana 10
USNM,94092,Didelphis,virginiana,Male,Altamira,Tamaulipas,Mexico,,7,,D virginiana 11
USNM,A01404,Didelphis,virginiana,Unknown,Matamoras,Tamaulipas,Mexico,p3m3 - começando,,fêmea,D virginiana 11
USNM,58163,Didelphis,virginiana,Female,Orizaba,Veracruz,Mexico,dp3m3,,,D virginiana 11
USNM,36518,Didelphis,virginiana,Male,,,Mexico,,7,não estava no banco de dados,D virginiana 11
USNM,65956,Didelphis,virginiana,Male,Catemaco,Veracruz,Mexico,,7,,D virginiana 11
USNM,78123,Didelphis,virginiana,Male,Minatitlan,Veracruz,Mexico,,7,,D virginiana 11
USNM,41871,Didelphis,virginiana,Male,Brownsville,Texas,United States,,6,não estava no banco de dados,D virginiana 11
USNM,25222,Didelphis,virginiana,Female,Del Rio,Texas,United States,p3m3 - p3 e m4 ainda eclodindo,,não estava no banco de dados,D virginiana 11
USNM,31764,Didelphis,virginiana,Male,Eagle Pass,Texas,United States,dp3m2,,não estava no banco de dados,D virginiana 11
USNM,43279,Didelphis,virginiana,Male,Alice,Texas,United States,p3m3 - p3 e m4 ainda eclodindo,,não estava no banco de dados,D virginiana 11
USNM,43280,Didelphis,virginiana,Male,Corpus Christi,Texas,United States,,7,não estava no banco de dados,D virginiana 11
USNM,63131,Didelphis,virginiana,Male,Fort Clark,Texas,United States,,7,,D virginiana 11
USNM,63134,Didelphis,virginiana,Male,Fort Clark,Texas,United States,,7,,D virginiana 11
USNM,99907,Didelphis,virginiana,Female,Corpus Christi,Texas,United States,p3m3 - começando,,,D virginiana 11
USNM,117533,Didelphis,virginiana,Female,Devil'S River,Texas,United States,dp3m2,,,D virginiana 11
USNM,143136,Didelphis,virginiana,Male,Fort Clark,Texas,United States,,6,,D virginiana 11
USNM,143139,Didelphis,virginiana,Female,Fort Clark,Texas,United States,p3m3 - p3 e m4 ainda eclodindo,,,D virginiana 11
USNM,158716,Didelphis,virginiana,Male,Castleberry,Alabama,United States,dp3m1 - começando,,,D virginiana 11
USNM,158717,Didelphis,virginiana,Female,Castleberry,Alabama,United States,dp3m1 - começando,,,D virginiana 11
USNM,158718,Didelphis,virginiana,Female,Bon Secour,Alabama,United States,dp3m2,,,D virginiana 11
USNM,61843,Didelphis,virginiana,Male,Kissimmee River,Florida,United States,,7,,D virginiana 11
USNM,79115,Didelphis,virginiana,Female,Lake Harney,Florida,United States,dp3m2 - eclodido,,,D virginiana 11
USNM,79117,Didelphis,virginiana,Male,Sebastian,Florida,United States,p3m3 - começando,,,D virginiana 11
USNM,111244,Didelphis,virginiana,Female,"Catfish Creek, Sawgrass Island",Florida,United States,p3m3 - começando,,,D virginiana 11
USNM,259201,Didelphis,virginiana,Male,Big Pine Key,Florida,United States,dp3m3,,,D virginiana 11
USNM,263768,Didelphis,virginiana,Male,"Carrabelle, 3 Mi SW",Florida,United States,,6,,D virginiana 11
USNM,265004,Didelphis,virginiana,Unknown,"Everglades, 10 Mi N",Florida,United States,,6,macho?,D virginiana 11
USNM,348116,Didelphis,virginiana,Female,"Jackson, Co., Marianna",Florida,United States,,6,,D virginiana 11
USNM,A03899,Didelphis,virginiana,Unknown,,Georgia,United States,,7,macho ,D virginiana 11
USNM,186545,Didelphis,virginiana,Female,,Georgia,United States,dp3m1 - começando,,,D virginiana 11
USNM,285032,Didelphis,virginiana,Male,Tipton,Georgia,United States,dp3m2,,,D virginiana 11
USNM,46389,Didelphis,virginiana,Female,Houma,Louisiana,United States,,6,não estava no banco de dados,D virginiana 11
USNM,99970,Didelphis,virginiana,Male,,Louisiana,United States,,6,,D virginiana 11
USNM,139776,Didelphis,virginiana,Male,"Abbeville, 20 Mi S",Louisiana,United States,,7,,D virginiana 11
USNM,284825,Didelphis,virginiana,Male,"Baton Rouge, 0.5 Mi W Of Louisiana State University",Louisiana,United States,p3m3 - p3 ainda eclodindo,,,D virginiana 11
USNM,284826,Didelphis,virginiana,Male,"Baton Rouge, 12 Mi S Of Louisiana State University",Louisiana,United States,p3m3 - começando,,,D virginiana 12
USNM,31084,Didelphis,virginiana,Female,Bay Saint Louis,Mississippi,United States,p3m3 - p3 e m4 ainda eclodindo,,não estava no banco de dados,D virginiana 12
USNM,45401,Didelphis,virginiana,Male,Bay Saint Louis,Mississippi,United States,,7,não estava no banco de dados,D virginiana 12
USNM,45884,Didelphis,virginiana,Female,Bay Saint Louis,Mississippi,United States,,6,não estava no banco de dados,D virginiana 12
USNM,186542,Didelphis,virginiana,Female,,South Carolina,United States,dp3m1 - eclodido,,,D virginiana 12
USNM,186543,Didelphis,virginiana,Male,,South Carolina,United States,,5,,D virginiana 12
USNM,A44235,Didelphis,virginiana,Male,Matagorda,Texas,United States,,7,,D virginiana 12
USNM,A44961,Didelphis,virginiana,Female,Dickenson Bayou,Texas,United States,,6,,D virginiana 12
USNM,99708,Didelphis,virginiana,Unknown,Port Lavaca,Texas,United States,,7,macho,D virginiana 12
USNM,135101,Didelphis,virginiana,Unknown,Liberty,Texas,United States,dp3m3,,macho?,D virginiana 12
USNM,136538,Didelphis,virginiana,Male,"Sour Lake, 7 Mi NE",Texas,United States,dp3m3,,,D virginiana 12
USNM,46589,Didelphis,virginiana,Male,Etzatlan,Jalisco,Mexico,dp3 - começando,,massinha - não estava no banco de dados,D virginiana 13
USNM,46589,Didelphis,virginiana,Male,Etzatlan,Jalisco,Mexico,dp3 - começando,,massinha - não estava no banco de dados,Vista Z 1
AMNH,93159,Didelphis,virginiana,m,Albermarle Co.,Virginia,USA,dp3m1,,,Didelphis 4
AMNH,139942,Didelphis,virginiana,?,Suffolk Co.,New York,USA,dp3m1 - começando,,,Didelphis 4
AMNH,131202,Didelphis,virginiana,f,Leon Co.,Florida,USA,dp3 - eclodido,,,Didelphis 4
AMNH,182030,Didelphis,virginiana,m,Pinellas Co.,Florida,USA,dp3m1 - começando,,,Didelphis 4
AMNH,137900,Didelphis,virginiana,m,Kiowa Co.,Kansas,USA,dp3m1,,,Didelphis 4
AMNH,121673,Didelphis,virginiana,m,Harrison Co.,Mississippi,USA,dp3m1 - começando,,,Didelphis 5
AMNH,145592,Didelphis,virginiana,f,Essex Co.,New Jersey,USA,dp3m1 - começando,,,Didelphis 5
AMNH,165928,Didelphis,virginiana,m,Morris Co.,New Jersey,USA,dp3m1 - começando,,,Didelphis 5
AMNH,149377,Didelphis,virginiana,f,Sevier Co.,Tennessee,USA,p3m3 - começando,,p3 ainda eclodindo,Didelphis 5
AMNH,149379,Didelphis,virginiana,f,Sevier Co.,Tennessee,USA,dp3m2 - eclodido,,,Didelphis 5
AMNH,121678,Didelphis,virginiana,m,Harrison Co.,Mississippi,USA,dp3m2 - eclodido,,,Didelphis 5
AMNH,121670,Didelphis,virginiana,m,Harrison Co.,Mississippi,USA,dp3m2 - começando,,,Didelphis 5
AMNH,121680,Didelphis,virginiana,f,Harrison Co.,Mississippi,USA,p3m3 - começando,,p3 ainda eclodindo,Didelphis 5
MVZ,29913,Didelphis,virginiana,male,Hayward,California,United States,dp3m1 - eclodido o próximo no osso,,,Didelphis 1
MVZ,31840,Didelphis,virginiana,male,Falls Church,Virginia,United States,,6,,Didelphis 1
MVZ,81408,Didelphis,virginiana,male,0.5 mi S and 0.5 mi W Wilmington,Ohio,United States,,7,,Didelphis 1
MVZ,98156,Didelphis,virginiana,male,SW edge of Lake Olomega,Depto. San Miguel,El Salvador,p3m3 - eclodido o próximo,,,Didelphis 1
MVZ,100066,Didelphis,virginiana,female,5 mi S Patzcuaro,MichoacÃ¡n,Mexico,p3m3 - começando,,,Didelphis 1
MVZ,102065,Didelphis,virginiana,female,2200 Los Angeles Ave.,California,United States,dp3m3 - começando a eclodir o próximo no osso,,,Didelphis 1
MVZ,102066,Didelphis,virginiana,male,2200 Los Angeles Ave.,California,United States,dp3m2,,,Didelphis 1
MVZ,102071,Didelphis,virginiana,male,2200 Los Angeles Ave.,California,United States,p3m3 - eclodido o próximo,,,Didelphis 2
MVZ,102074,Didelphis,virginiana,female,Moraga,California,United States,p3m3 - começando,,,Didelphis 2
MVZ,104039,Didelphis,virginiana,female,12 mi NE Greensboro,North Carolina,United States,p3m3 - começando,,,Didelphis 2
MVZ,106114,Didelphis,virginiana,female,"El Batel, 70 km NE MazatlÃ¡n",Sinaloa,Mexico,dp3m1 - começando a eclodir no osso,,,Didelphis 2
MVZ,106115,Didelphis,virginiana,male,"El Batel, 70 km NE MazatlÃ¡n",Sinaloa,Mexico,dp3m1,,,Didelphis 2
MVZ,106611,Didelphis,virginiana,male,3 mi W Folsom,California,United States,dp3m2,,,Didelphis 2
MVZ,107781,Didelphis,virginiana,male,Blanco,California,United States,dp3m3,,,Didelphis 2
MVZ,114910,Didelphis,virginiana,male,"Museum of Vertebrate Zoology at University of California, Berkeley (reared in captivity)",California,United States,dp3 - começando,,,Didelphis 2
MVZ,114911,Didelphis,virginiana,female,"Museum of Vertebrate Zoology at University of California, Berkeley (reared in captivity)",California,United States,dp3 - começando,,,Didelphis 2
MVZ,114912,Didelphis,virginiana,female,"Museum of Vertebrate Zoology at University of California, Berkeley (reared in captivity)",California,United States,dp3 - começando,,,Didelphis 2
MVZ,114914,Didelphis,virginiana,female,"Museum of Vertebrate Zoology at University of California, Berkeley (reared in captivity)",California,United States,dp3 - começando,,,Didelphis 2
MVZ,114915,Didelphis,virginiana,female,"Museum of Vertebrate Zoology at University of California, Berkeley (reared in captivity)",California,United States,dp3 - começando,,,Didelphis 2
MVZ,114916,Didelphis,virginiana,male,"Museum of Vertebrate Zoology at University of California, Berkeley (reared in captivity)",California,United States,dp3m1,,,Didelphis 2
MVZ,114917,Didelphis,virginiana,male,"Museum of Vertebrate Zoology at University of California, Berkeley (reared in captivity)",California,United States,dp3m1,,,Didelphis 2
MVZ,114918,Didelphis,virginiana,female,"Museum of Vertebrate Zoology at University of California, Berkeley (reared in captivity)",California,United States,dp3m1,,,Didelphis 2
MVZ,114919,Didelphis,virginiana,female,"Museum of Vertebrate Zoology at University of California, Berkeley (reared in captivity)",California,United States,dp3m1,,,Didelphis 2
MVZ,114920,Didelphis,virginiana,male,"Museum of Vertebrate Zoology at University of California, Berkeley (reared in captivity)",California,United States,dp3m1,,,Didelphis 2
MVZ,114921,Didelphis,virginiana,male,"Museum of Vertebrate Zoology at University of California, Berkeley (reared in captivity)",California,United States,dp3m1,,,Didelphis 2
MVZ,114922,Didelphis,virginiana,female,"Museum of Vertebrate Zoology at University of California, Berkeley (reared in captivity)",California,United States,dp3m1,,,Didelphis 2
MVZ,114923,Didelphis,virginiana,female,"Museum of Vertebrate Zoology at University of California, Berkeley (reared in captivity)",California,United States,dp3m1,,,Didelphis 2
MVZ,114924,Didelphis,virginiana,female,"Museum of Vertebrate Zoology at University of California, Berkeley (reared in captivity)",California,United States,dp3m1 - começando a eclodir no osso,,,Didelphis 2
MVZ,114925,Didelphis,virginiana,female,"Museum of Vertebrate Zoology at University of California, Berkeley (reared in captivity)",California,United States,dp3m1 - começando a eclodir no osso,,,Didelphis 2
MVZ,114927,Didelphis,virginiana,female,"Museum of Vertebrate Zoology at University of California, Berkeley (reared in captivity)",California,United States,dp3m1 - começando a eclodir no osso,,,Didelphis 2
MVZ,114928,Didelphis,virginiana,male,"Museum of Vertebrate Zoology at University of California, Berkeley (reared in captivity)",California,United States,dp3m1 - começando a eclodir no osso,,,Didelphis 2
MVZ,114929,Didelphis,virginiana,male,"Museum of Vertebrate Zoology at University of California, Berkeley (reared in captivity)",California,United States,dp3m1 - começando a eclodir no osso,,,Didelphis 2
MVZ,114930,Didelphis,virginiana,male,"Museum of Vertebrate Zoology at University of California, Berkeley (reared in captivity)",California,United States,dp3m1 - começando a eclodir no osso,,,Didelphis 2
MVZ,114932,Didelphis,virginiana,male,"Museum of Vertebrate Zoology at University of California, Berkeley (reared in captivity)",California,United States,dp3m1 - começando a eclodir no osso,,,Didelphis 2
MVZ,114933,Didelphis,virginiana,male,"Museum of Vertebrate Zoology at University of California, Berkeley (reared in captivity)",California,United States,dp3m1 - começando a eclodir no osso,,,Didelphis 2
MVZ,114934,Didelphis,virginiana,female,"Museum of Vertebrate Zoology at University of California, Berkeley (reared in captivity)",California,United States,dp3m1 - começando a eclodir no osso,,,Didelphis 2
MVZ,114935,Didelphis,virginiana,female,"Museum of Vertebrate Zoology at University of California, Berkeley (reared in captivity)",California,United States,dp3m1 - começando a eclodir no osso,,,Didelphis 2
MVZ,114936,Didelphis,virginiana,female,"Museum of Vertebrate Zoology at University of California, Berkeley (reared in captivity)",California,United States,dp3m1 - começando a eclodir no osso,,,Didelphis 2
MVZ,114937,Didelphis,virginiana,female,"Museum of Vertebrate Zoology at University of California, Berkeley (reared in captivity)",California,United States,dp3m1 - começando a eclodir no osso,,,Didelphis 2
MVZ,125634,Didelphis,virginiana,male,Los Angeles [1.4 mi N Sunset and Sepulveda],California,United States,p3m3 - p3 ainda eclodindo,7,,Didelphis 2
MVZ,129731,Didelphis,virginiana,male,Winston-Salem,North Carolina,United States,,,,Didelphis 2
MVZ,130274,Didelphis,virginiana,male,Los Esesmiles,Depto. Chalatenango,El Salvador,p3m3 - começando,,,Didelphis 2
MVZ,130275,Didelphis,virginiana,female,Los Esesmiles,Depto. Chalatenango,El Salvador,p3m3 - eclodido o próximo,,,Didelphis 3
MVZ,130283,Didelphis,virginiana,male,2 mi N Divisadero,Depto. Morazan,El Salvador,dp3m2 - eclodido o próximo no osso,,,Didelphis 3
MVZ,130286,Didelphis,virginiana,male,Lake Olomega,Depto. San Miguel,El Salvador,dp3 - começando,,,Didelphis 3
MVZ,130287,Didelphis,virginiana,male,Lake Olomega,Depto. San Miguel,El Salvador,dp3 - começando,,,Didelphis 3
MVZ,130288,Didelphis,virginiana,female,Lake Olomega,Depto. San Miguel,El Salvador,dp3 - começando,,,Didelphis 3
MVZ,130289,Didelphis,virginiana,female,Lake Olomega,Depto. San Miguel,El Salvador,dp3 - começando,,,Didelphis 3
MVZ,130291,Didelphis,virginiana,male,Lake Olomega,Depto. San Miguel,El Salvador,dp3 - começando,,,Didelphis 3
MVZ,130292,Didelphis,virginiana,male,Lake Olomega,Depto. San Miguel,El Salvador,dp3 - começando,,,Didelphis 3
MVZ,130293,Didelphis,virginiana,male,Lake Olomega,Depto. San Miguel,El Salvador,dp3 - começando,,,Didelphis 3
MVZ,130294,Didelphis,virginiana,male,Lake Olomega,Depto. San Miguel,El Salvador,dp3 - começando,,,Didelphis 3
MVZ,130295,Didelphis,virginiana,male,Lake Olomega,Depto. San Miguel,El Salvador,dp3 - começando,,,Didelphis 3
MVZ,130296,Didelphis,virginiana,male,Lake Olomega,Depto. San Miguel,El Salvador,dp3 - começando,,,Didelphis 3
MVZ,130297,Didelphis,virginiana,female,Lake Olomega,Depto. San Miguel,El Salvador,dp3 - começando,,,Didelphis 3
MVZ,130301,Didelphis,virginiana,male,Lake Olomega,Depto. San Miguel,El Salvador,dp3m2 - eclodido o próximo no osso,,,Didelphis 3
MVZ,130303,Didelphis,virginiana,female,Lake Olomega,Depto. San Miguel,El Salvador,dp3m2 - começando,,,Didelphis 3
MVZ,130312,Didelphis,virginiana,male,Rio San Miguel,Depto. San Miguel,El Salvador,p3m3 - começando,,,Didelphis 3
MVZ,177324,Didelphis,virginiana,male,"Robertson Creek, Hastings Natural History Reservation",California,United States,dp3m1,,,Didelphis 3
MVZ,177325,Didelphis,virginiana,male,"Robertson Creek, Hastings Natural History Reservation",California,United States,dp3m1,,,Didelphis 3
MVZ,206957,Didelphis,virginiana,female,"3390 Deer Hill Rd., Lafayette",California,United States,dp3m1,,,Didelphis 3
MVZ,216952,Didelphis,virginiana,female,"College Ave, Berkeley, 2936",California,United States,dp3m1,,,Didelphis 3
MVZ,113484,Didelphis,virginiana,unknown,"San Jose, 28 mi ESE ComitÃ¡n de DomÃ­nguez",Chiapas,Mexico,p3m3 - eclodido o próximo,,,Didelphis 3
MVZ,196713,Didelphis,virginiana,not recorded,Napa Valley,California,United States,p3m3- começando,,macho?,Didelphis 3
MVZ,40999,Didelphis,virginiana,unknown,no specific locality recorded,Georgia,United States,p3m3- começando,,,Didelphis 3
MVZ,90638,Didelphis,virginiana,male,4 mi S Bergman,Arkansas,United States,p3m3 - começando,,p3 ainda eclodindo,Didelphis 3
MVZ,90632,Didelphis,virginiana,female,6 mi S Bergman,Arkansas,United States,p3m3 - eclodido o próximo,,,Didelphis 3
MVZ,90633,Didelphis,virginiana,male,6 mi S Bergman,Arkansas,United States,dp3m3 - começando a eclodir o próximo no osso,,de um lado o dp3 já caiu mas o p3 ainda não está eclodido,Didelphis 3
MVZ,93853,Didelphis,virginiana,unknown,SE part Boone County,Arkansas,United States,p3m3 - começando,,p3 ainda eclodindo,Didelphis 3
MVZ,93854,Didelphis,virginiana,unknown,SE part Boone County,Arkansas,United States,dp3m3?,,"falta o m3, mas parece que já estava eclodido",Didelphis 3
MVZ,93855,Didelphis,virginiana,unknown,SE part Boone County,Arkansas,United States,dp3m3 - começando a eclodir o próximo no osso,,de um lado o dp3 já caiu mas o p3 ainda não está eclodido,Didelphis 4
MVZ,93856,Didelphis,virginiana,unknown,SE part Boone County,Arkansas,United States,dp3m2 - eclodido o próximo no osso,,de um lado o dp3 já caiu mas o p3 ainda não está eclodido,Didelphis 4
MVZ,93859,Didelphis,virginiana,unknown,SE Boone County,Arkansas,United States,dp3m2 - eclodido o próximo no osso,,mas na verdade os dp3 já cairam mas o p3 ainda não eclodiu,Didelphis 4
MVZ,113330,Didelphis,virginiana,female,1.75 mi S Montclair,California,United States,dp3m3,,dp3 já cairam mas p3 ainda não estão eclodidos,Didelphis 4
MVZ,114841,Didelphis,virginiana,male,Cook,Nebraska,United States,dp3m2 - eclodido o próximo no osso,,"m3 eclodido no osso e o m4 tbm, mas só que muito pequeno, parece vestigial. E na verdade, p dp3 tbm parece vestigial e o p3 começando a eclodir por baixo",Didelphis 4
MVZ,114844,Didelphis,virginiana,female,Cook,Nebraska,United States,dp3m3 - começando a eclodir o próximo no osso,,de um lado o dp3 já caiu mas o p3 ainda não está eclodido,Didelphis 4
MVZ,114861,Didelphis,virginiana,female,Berkeley Hills,California,United States,,5,,Didelphis 4
MVZ,114888,Didelphis,virginiana,male,"Museum of Vertebrate Zoology at University of California, Berkeley (reared in captivity)",California,United States,dp3m1 - começando a eclodir no osso,,,Didelphis 4
MVZ,114906,Didelphis,virginiana,unknown,"Museum of Vertebrate Zoology, University of California, Berkeley",California,United States,dp3m2 - eclodido o próximo no osso,,os dp3 já cairam mas os p3 ainda não estão eclodidos,Didelphis 4
MVZ,114877,Didelphis,virginiana,female,2 mi E Sanger,California,United States,dp3m1 - começando a eclodir no osso,,,Didelphis 4
MVZ,114878,Didelphis,virginiana,male,Sanger,California,United States,dp3m1 - começando a eclodir no osso,,,Didelphis 4
MVZ,114879,Didelphis,virginiana,female,"1 St Generation, Mother Caught at Sanger",California,United States,dp3m1 - começando a eclodir no osso,,etiqueta de 4 meses,Didelphis 4
MVZ,114880,Didelphis,virginiana,male,"1 St Generation, Mother Caught at Sanger",California,United States,dp3m1 - começando a eclodir no osso,,etiqueta de 4 meses,Didelphis 4
MVZ,114881,Didelphis,virginiana,female,"1 St Generation, Mother Caught at Sanger",California,United States,dp3m1 - começando a eclodir no osso,,etiqueta de 4 meses,Didelphis 4
MVZ,114882,Didelphis,virginiana,male,"1 St Generation, Mother Caught at Sanger",California,United States,dp3m1 - começando a eclodir no osso,,etiqueta de 4 meses,Didelphis 4
MVZ,114883,Didelphis,virginiana,female,"1 St Generation, Mother Caught at Sanger",California,United States,dp3m1 - começando a eclodir no osso,,etiqueta de 4 meses,Didelphis 4
MVZ,114884,Didelphis,virginiana,male,"1 St Generation, Mother Caught at Sanger",California,United States,dp3m1 - começando a eclodir no osso,,etiqueta de 4 meses,Didelphis 4
MVZ,114886,Didelphis,virginiana,male,"1 St Generation, Mother Caught at Sanger",California,United States,dp3m1 - começando a eclodir no osso,,etiqueta de 4 meses,Didelphis 4
MVZ,114887,Didelphis,virginiana,male,"1 St Generation, Mother Caught at Sanger",California,United States,dp3m1 - começando a eclodir no osso,,etiqueta de 4 meses,Didelphis 4
MVZ,114890,Didelphis,virginiana,female,"1 St Generation, Mother Caught at Sanger",California,United States,dp3m3 - começando a eclodir o próximo no osso,,,Didelphis 4
MVZ,128518,Didelphis,virginiana,female,2 mi E Sanger,California,United States,dp3m3 - começando a eclodir o próximo no osso,,nsl pode estar quebrado,Didelphis 4
MVZ,128519,Didelphis,virginiana,male,2 mi E Sanger,California,United States,dp3m3 - começando a eclodir o próximo no osso,,,Didelphis 4
MVZ,128520,Didelphis,virginiana,female,2 mi E Sanger,California,United States,dp3m1,,tem uma etiqueta dizendo que tem 4 meses de idade,Didelphis 4
MVZ,135038,Didelphis,virginiana,male,Kruse Loop [2.5 mi NE Wilsonville],Oregon,United States,dp3m3 - começando a eclodir o próximo no osso,,"em um lado o dp3 ainda está presente, mas os p3 estão quse que completamente eclodidos",Didelphis 4
MVZ,135039,Didelphis,virginiana,male,Oregon City,Oregon,United States,p3m3 - começando,,p3 quase totalmente eclodido,Didelphis 4
MVZ,135040,Didelphis,virginiana,male,Advance,Oregon,United States,dp3m2,,,Didelphis 4
MVZ,135043,Didelphis,virginiana,female,Lake Grove [Child Rd. near Tualatin River],Oregon,United States,dp3m2 - começando,,,Didelphis 4
MVZ,135045,Didelphis,virginiana,male,Lake Grove [Child Rd. near Tualatin River],Oregon,United States,p3m3 - começando,,,Didelphis 4
MVZ,135047,Didelphis,virginiana,male,Lake Grove [Child Rd. near Tualatin River],Oregon,United States,p3m3 - eclodido o próximo,,,Didelphis 4
MVZ,135049,Didelphis,virginiana,male,Lake Grove [Child Rd. near Tualatin River],Oregon,United States,p3m3 - eclodido o próximo,,,Didelphis 4
MVZ,135050,Didelphis,virginiana,male,Lake Grove [Child Rd. near Tualatin River],Oregon,United States,p3m3 - eclodido o próximo,,,Didelphis 4
MVZ,177326,Didelphis,virginiana,male,"Robertson Creek, Hastings Natural History Reservation",California,United States,dp3m1 - começando a eclodir no osso,,,Didelphis 4
MVZ,177327,Didelphis,virginiana,male,"Robertson Creek, Hastings Natural History Reservation",California,United States,dp3m1 - começando a eclodir no osso,,,Didelphis 4
MVZ,183330,Didelphis,virginiana,female,Cerrito Creek,California,United States,p3m3,,"não tem nem sinal do m4 e o crânio é bem grande, então acho que pode ser um defeito do bicho não ter os m4. os primeiros molares estão um pouco gastos",Didelphis 4
,,,,,,,,,,,
,,,,,,,,,,,
,,,,,,,,,,,
,,,,,,,,,,,
,,,,,,,,,,,
,,,,,,,,,,,
,,,,,,,,,,,
,,,,,,,,,,,
,,,,,,,,,,,
,,,,,,,,,,,
,,,,,,,,,,,
,,,,,,,,,,,
,,,,,,,,,,,
,,,,,,,,,,,
,,,,,,,,,,,
,,,,,,,,,,,
,,,,,,,,,,,
,,,,,,,,,,,
,,,,,,,,,,,
,,,,,,,,,,,
,,,,,,,,,,,
,,,,,,,,,,,
,,,,,,,,,,,
,,,,,,,,,,,
,,,,,,,,,,,
,,,,,,,,,,,
,,,,,,,,,,,
,,,,,,,,,,,
,,,,,,,,,,,
,,,,,,,,,,,
,,,,,,,,,,,
,,,,,,,,,,,
,,,,,,,,,,,
,,,,,,,,,,,
,,,,,,,,,,,
,,,,,,,,,,,
,,,,,,,,,,,
,,,,,,,,,,,
,,,,,,,,,,,
,,,,,,,,,,,
,,,,,,,,,,,
,,,,,,,,,,,
,,,,,,,,,,,
,,,,,,,,,,,
,,,,,,,,,,,
,,,,,,,,,,,
,,,,,,,,,,,
,,,,,,,,,,,
,,,,,,,,,,,
,,,,,,,,,,,
,,,,,,,,,,,
,,,,,,,,,,,
,,,,,,,,,,,
,,,,,,,,,,,
,,,,,,,,,,,
,,,,,,,,,,,
,,,,,,,,,,,
,,,,,,,,,,,
,,,,,,,,,,,
,,,,,,,,,,,
,,,,,,,,,,,
,,,,,,,,,,,
,,,,,,,,,,,
,,,,,,,,,,,
,,,,,,,,,,,
,,,,,,,,,,,
,,,,,,,,,,,
,,,,,,,,,,,
,,,,,,,,,,,
,,,,,,,,,,,
,,,,,,,,,,,
,,,,,,,,,,,
,,,,,,,,,,,
,,,,,,,,,,,
,,,,,,,,,,,
,,,,,,,,,,,
,,,,,,,,,,,
,,,,,,,,,,,
,,,,,,,,,,,
,,,,,,,,,,,
,,,,,,,,,,,
,,,,,,,,,,,
,,,,,,,,,,,
,,,,,,,,,,,
,,,,,,,,,,,
,,,,,,,,,,,
,,,,,,,,,,,
,,,,,,,,,,,
,,,,,,,,,,,
,,,,,,,,,,,
,,,,,,,,,,,
,,,,,,,,,,,
,,,,,,,,,,,
,,,,,,,,,,,
,,,,,,,,,,,
,,,,,,,,,,,
,,,,,,,,,,,
,,,,,,,,,,,
,,,,,,,,,,,
,,,,,,,,,,,
,,,,,,,,,,,
,,,,,,,,,,,
,,,,,,,,,,,
,,,,,,,,,,,
,,,,,,,,,,,
,,,,,,,,,,,
,,,,,,,,,,,
,,,,,,,,,,,
,,,,,,,,,,,
,,,,,,,,,,,
,,,,,,,,,,,
,,,,,,,,,,,
,,,,,,,,,,,
,,,,,,,,,,,
,,,,,,,,,,,
,,,,,,,,,,,
,,,,,,,,,,,
,,,,,,,,,,,
,,,,,,,,,,,
,,,,,,,,,,,
,,,,,,,,,,,
,,,,,,,,,,,
,,,,,,,,,,,
,,,,,,,,,,,
,,,,,,,,,,,
,,,,,,,,,,,
,,,,,,,,,,,
,,,,,,,,,,,
,,,,,,,,,,,
,,,,,,,,,,,
,,,,,,,,,,,
,,,,,,,,,,,
,,,,,,,,,,,
,,,,,,,,,,,
,,,,,,,,,,,
,,,,,,,,,,,
,,,,,,,,,,,
,,,,,,,,,,,
,,,,,,,,,,,
,,,,,,,,,,,
,,,,,,,,,,,
,,,,,,,,,,,
,,,,,,,,,,,
,,,,,,,,,,,
,,,,,,,,,,,
,,,,,,,,,,,
,,,,,,,,,,,
,,,,,,,,,,,
,,,,,,,,,,,
,,,,,,,,,,,
,,,,,,,,,,,
,,,,,,,,,,,
,,,,,,,,,,,
,,,,,,,,,,,
,,,,,,,,,,,
,,,,,,,,,,,
,,,,,,,,,,,
,,,,,,,,,,,
,,,,,,,,,,,
,,,,,,,,,,,
,,,,,,,,,,,
,,,,,,,,,,,
,,,,,,,,,,,
,,,,,,,,,,,
,,,,,,,,,,,
,,,,,,,,,,,
,,,,,,,,,,,
,,,,,,,,,,,
,,,,,,,,,,,
,,,,,,,,,,,
,,,,,,,,,,,
,,,,,,,,,,,
,,,,,,,,,,,
,,,,,,,,,,,
,,,,,,,,,,,
,,,,,,,,,,,
,,,,,,,,,,,
,,,,,,,,,,,
,,,,,,,,,,,
,,,,,,,,,,,
,,,,,,,,,,,
,,,,,,,,,,,
,,,,,,,,,,,
,,,,,,,,,,,
,,,,,,,,,,,
,,,,,,,,,,,
,,,,,,,,,,,
,,,,,,,,,,,
,,,,,,,,,,,
,,,,,,,,,,,
,,,,,,,,,,,
,,,,,,,,,,,
,,,,,,,,,,,
,,,,,,,,,,,
,,,,,,,,,,,
,,,,,,,,,,,
,,,,,,,,,,,
,,,,,,,,,,,
,,,,,,,,,,,
,,,,,,,,,,,
,,,,,,,,,,,
,,,,,,,,,,,
,,,,,,,,,,,
,,,,,,,,,,,
,,,,,,,,,,,
,,,,,,,,,,,
,,,,,,,,,,,
,,,,,,,,,,,
,,,,,,,,,,,
,,,,,,,,,,,
,,,,,,,,,,,
,,,,,,,,,,,
,,,,,,,,,,,
,,,,,,,,,,,
,,,,,,,,,,,
,,,,,,,,,,,
,,,,,,,,,,,
,,,,,,,,,,,
,,,,,,,,,,,
,,,,,,,,,,,
,,,,,,,,,,,
,,,,,,,,,,,
,,,,,,,,,,,
,,,,,,,,,,,
,,,,,,,,,,,
,,,,,,,,,,,
,,,,,,,,,,,
,,,,,,,,,,,
,,,,,,,,,,,
,,,,,,,,,,,
,,,,,,,,,,,
,,,,,,,,,,,
,,,,,,,,,,,
,,,,,,,,,,,
,,,,,,,,,,,
,,,,,,,,,,,
,,,,,,,,,,,
,,,,,,,,,,,
,,,,,,,,,,,
,,,,,,,,,,,
,,,,,,,,,,,
,,,,,,,,,,,
,,,,,,,,,,,
,,,,,,,,,,,
,,,,,,,,,,,
,,,,,,,,,,,
,,,,,,,,,,,
,,,,,,,,,,,
,,,,,,,,,,,
,,,,,,,,,,,
,,,,,,,,,,,
,,,,,,,,,,,
,,,,,,,,,,,
,,,,,,,,,,,
,,,,,,,,,,,
,,,,,,,,,,,
,,,,,,,,,,,
,,,,,,,,,,,
,,,,,,,,,,,
,,,,,,,,,,,
,,,,,,,,,,,
,,,,,,,,,,,
,,,,,,,,,,,
,,,,,,,,,,,
,,,,,,,,,,,
,,,,,,,,,,,
,,,,,,,,,,,
,,,,,,,,,,,
,,,,,,,,,,,
,,,,,,,,,,,
,,,,,,,,,,,
,,,,,,,,,,,
,,,,,,,,,,,
,,,,,,,,,,,
,,,,,,,,,,,
,,,,,,,,,,,
,,,,,,,,,,,
,,,,,,,,,,,
,,,,,,,,,,,
,,,,,,,,,,,
,,,,,,,,,,,
,,,,,,,,,,,
,,,,,,,,,,,
,,,,,,,,,,,
,,,,,,,,,,,
,,,,,,,,,,,
,,,,,,,,,,,
,,,,,,,,,,,
,,,,,,,,,,,
,,,,,,,,,,,
,,,,,,,,,,,
,,,,,,,,,,,
,,,,,,,,,,,
,,,,,,,,,,,
,,,,,,,,,,,
,,,,,,,,,,,
,,,,,,,,,,,
,,,,,,,,,,,
,,,,,,,,,,,
,,,,,,,,,,,
,,,,,,,,,,,
,,,,,,,,,,,
,,,,,,,,,,,
,,,,,,,,,,,
,,,,,,,,,,,
,,,,,,,,,,,
,,,,,,,,,,,
,,,,,,,,,,,
,,,,,,,,,,,
,,,,,,,,,,,
,,,,,,,,,,,
,,,,,,,,,,,
,,,,,,,,,,,
,,,,,,,,,,,
,,,,,,,,,,,
,,,,,,,,,,,
,,,,,,,,,,,
,,,,,,,,,,,
,,,,,,,,,,,
,,,,,,,,,,,
,,,,,,,,,,,
,,,,,,,,,,,
,,,,,,,,,,,
,,,,,,,,,,,
,,,,,,,,,,,
,,,,,,,,,,,
,,,,,,,,,,,
,,,,,,,,,,,
,,,,,,,,,,,
,,,,,,,,,,,
,,,,,,,,,,,
,,,,,,,,,,,
,,,,,,,,,,,
,,,,,,,,,,,
,,,,,,,,,,,
,,,,,,,,,,,
,,,,,,,,,,,
,,,,,,,,,,,
,,,,,,,,,,,
,,,,,,,,,,,
,,,,,,,,,,,
,,,,,,,,,,,
,,,,,,,,,,,
,,,,,,,,,,,
,,,,,,,,,,,
,,,,,,,,,,,
,,,,,,,,,,,
,,,,,,,,,,,
,,,,,,,,,,,
,,,,,,,,,,,
,,,,,,,,,,,
,,,,,,,,,,,
,,,,,,,,,,,
,,,,,,,,,,,
,,,,,,,,,,,
,,,,,,,,,,,
,,,,,,,,,,,
,,,,,,,,,,,
,,,,,,,,,,,
,,,,,,,,,,,
,,,,,,,,,,,
,,,,,,,,,,,
,,,,,,,,,,,
,,,,,,,,,,,
,,,,,,,,,,,
,,,,,,,,,,,
,,,,,,,,,,,
,,,,,,,,,,,
,,,,,,,,,,,
,,,,,,,,,,,
,,,,,,,,,,,
,,,,,,,,,,,
,,,,,,,,,,,
,,,,,,,,,,,
,,,,,,,,,,,
,,,,,,,,,,,
,,,,,,,,,,,
,,,,,,,,,,,
,,,,,,,,,,,
,,,,,,,,,,,
,,,,,,,,,,,
,,,,,,,,,,,
,,,,,,,,,,,
,,,,,,,,,,,
,,,,,,,,,,,
,,,,,,,,,,,
,,,,,,,,,,,
,,,,,,,,,,,
,,,,,,,,,,,
,,,,,,,,,,,
,,,,,,,,,,,
,,,,,,,,,,,
,,,,,,,,,,,
,,,,,,,,,,,
,,,,,,,,,,,
,,,,,,,,,,,
,,,,,,,,,,,
,,,,,,,,,,,
,,,,,,,,,,,
,,,,,,,,,,,
,,,,,,,,,,,
,,,,,,,,,,,
,,,,,,,,,,,
,,,,,,,,,,,
,,,,,,,,,,,
,,,,,,,,,,,
,,,,,,,,,,,
,,,,,,,,,,,
,,,,,,,,,,,
,,,,,,,,,,,
,,,,,,,,,,,
,,,,,,,,,,,
,,,,,,,,,,,
,,,,,,,,,,,
,,,,,,,,,,,
,,,,,,,,,,,
,,,,,,,,,,,
,,,,,,,,,,,
,,,,,,,,,,,
,,,,,,,,,,,
,,,,,,,,,,,
,,,,,,,,,,,
,,,,,,,,,,,
,,,,,,,,,,,
,,,,,,,,,,,
,,,,,,,,,,,
,,,,,,,,,,,
,,,,,,,,,,,
,,,,,,,,,,,
,,,,,,,,,,,
,,,,,,,,,,,
,,,,,,,,,,,
,,,,,,,,,,,
,,,,,,,,,,,
,,,,,,,,,,,
,,,,,,,,,,,
,,,,,,,,,,,
,,,,,,,,,,,
,,,,,,,,,,,
,,,,,,,,,,,
,,,,,,,,,,,
,,,,,,,,,,,
,,,,,,,,,,,
,,,,,,,,,,,
,,,,,,,,,,,
,,,,,,,,,,,
,,,,,,,,,,,
,,,,,,,,,,,
,,,,,,,,,,,
,,,,,,,,,,,
,,,,,,,,,,,
,,,,,,,,,,,
,,,,,,,,,,,
,,,,,,,,,,,
,,,,,,,,,,,
,,,,,,,,,,,
,,,,,,,,,,,
,,,,,,,,,,,
,,,,,,,,,,,
,,,,,,,,,,,
,,,,,,,,,,,
,,,,,,,,,,,
,,,,,,,,,,,
,,,,,,,,,,,
,,,,,,,,,,,
,,,,,,,,,,,
,,,,,,,,,,,
,,,,,,,,,,,
,,,,,,,,,,,
,,,,,,,,,,,
,,,,,,,,,,,
,,,,,,,,,,,
,,,,,,,,,,,
,,,,,,,,,,,
,,,,,,,,,,,
,,,,,,,,,,,
,,,,,,,,,,,
,,,,,,,,,,,
,,,,,,,,,,,
,,,,,,,,,,,
,,,,,,,,,,,
,,,,,,,,,,,
,,,,,,,,,,,
,,,,,,,,,,,
,,,,,,,,,,,
,,,,,,,,,,,
,,,,,,,,,,,
,,,,,,,,,,,
,,,,,,,,,,,
,,,,,,,,,,,
,,,,,,,,,,,
,,,,,,,,,,,
,,,,,,,,,,,
,,,,,,,,,,,
,,,,,,,,,,,
,,,,,,,,,,,
,,,,,,,,,,,
,,,,,,,,,,,
,,,,,,,,,,,
,,,,,,,,,,,
,,,,,,,,,,,
,,,,,,,,,,,
,,,,,,,,,,,
,,,,,,,,,,,
,,,,,,,,,,,
,,,,,,,,,,,
,,,,,,,,,,,
,,,,,,,,,,,
,,,,,,,,,,,
,,,,,,,,,,,
,,,,,,,,,,,
,,,,,,,,,,,
,,,,,,,,,,,
,,,,,,,,,,,
,,,,,,,,,,,
,,,,,,,,,,,
,,,,,,,,,,,
,,,,,,,,,,,
,,,,,,,,,,,
,,,,,,,,,,,
,,,,,,,,,,,
,,,,,,,,,,,
,,,,,,,,,,,
,,,,,,,,,,,
,,,,,,,,,,,
,,,,,,,,,,,
,,,,,,,,,,,
,,,,,,,,,,,
,,,,,,,,,,,
,,,,,,,,,,,
,,,,,,,,,,,
,,,,,,,,,,,
,,,,,,,,,,,
,,,,,,,,,,,
,,,,,,,,,,,
,,,,,,,,,,,
,,,,,,,,,,,
,,,,,,,,,,,
,,,,,,,,,,,
,,,,,,,,,,,
,,,,,,,,,,,
,,,,,,,,,,,
,,,,,,,,,,,
,,,,,,,,,,,
,,,,,,,,,,,
,,,,,,,,,,,